id,name,surname,age,email,profession
1,Innocenzo,Merola,21,klafjad@gmail.com,student
3,ginysicucu,Garner,4,wexyfuzuza@mailinator.com,Voluptates nemo aliq
5,Gloria Dennis,Yates,82,lujon@mailinator.com,Quibusdam amet et e
6,Alan Spence,Howell,97,jitajagily@mailinator.com,Enim ullamco saepe q
7,Kylynn Baker,Berger,63,qawiq@mailinator.com,Velit tenetur a labo
8,Erasmus Jacobs,Conley,53,josefyg@mailinator.com,Autem necessitatibus
9,antonio,Turner,78,kuqapyz@mailinator.com,Molestiae omnis atqu
10,Isaac Henson,David,66,sicevi@mailinator.com,Commodo inventore na
12,giorgio,cass,21,rgrfd@ldkj.lck,Spazzino
13,ciro,rossi,20,eded@eawfgwrf.fwfs,lavavetri
298,fssvf,sfvf,15,sfvsfv@fsvf.vsfsf,sfvf
299,Giacomo,Ricci,24,fdvfv@fvv.fvv,opr
